team,reddit_subscribers
Atlanta Hawks,284372
Boston Celtics,910810
Brooklyn Nets,310541
Charlotte Hornets,226221
Chicago Bulls,463930
Cleveland Cavaliers,229557
Dallas Mavericks,689992
Denver Nuggets,405898
Detroit Pistons,261678
Golden State Warriors,1521055
Houston Rockets,323346
Indiana Pacers,261978
LA Clippers,375938
Los Angeles Lakers,1623364
Memphis Grizzlies,254011
Miami Heat,364871
Milwaukee Bucks,405781
Minnesota Timberwolves,399990
New Orleans Pelicans,260977
New York Knicks,428376
Oklahoma City Thunder,526720
Orlando Magic,242825
Philadelphia 76ers,503373
Phoenix Suns,303420
Portland Trail Blazers,265082
Sacramento Kings,274307
San Antonio Spurs,299372
Toronto Raptors,572159
Utah Jazz,235172
Washington Wizards,243479
